[
  {
    "model": "admin.logentry",
    "pk": 3,
    "fields": {
      "action_time": "2023-03-10T13:01:33.005Z",
      "user": 2,
      "content_type": 4,
      "object_id": "1",
      "object_repr": "gungalla",
      "action_flag": 3,
      "change_message": ""
    }
  },
  {
    "model": "admin.logentry",
    "pk": 4,
    "fields": {
      "action_time": "2023-03-15T17:28:29.933Z",
      "user": 2,
      "content_type": 7,
      "object_id": "1",
      "object_repr": "Status: qwerty",
      "action_flag": 1,
      "change_message": "[{\"added\": {}}]"
    }
  },
  {
    "model": "admin.logentry",
    "pk": 5,
    "fields": {
      "action_time": "2023-03-15T17:35:52.018Z",
      "user": 2,
      "content_type": 7,
      "object_id": "2",
      "object_repr": "Status: aaaasdfghjkwr4rrrrr",
      "action_flag": 1,
      "change_message": "[{\"added\": {}}]"
    }
  },
  {
    "model": "admin.logentry",
    "pk": 6,
    "fields": {
      "action_time": "2023-03-15T18:25:13.652Z",
      "user": 2,
      "content_type": 7,
      "object_id": "3",
      "object_repr": "Status: qqq",
      "action_flag": 1,
      "change_message": "[{\"added\": {}}]"
    }
  },
  {
    "model": "admin.logentry",
    "pk": 7,
    "fields": {
      "action_time": "2023-03-15T18:25:22.415Z",
      "user": 2,
      "content_type": 7,
      "object_id": "4",
      "object_repr": "Status: qqq",
      "action_flag": 1,
      "change_message": "[{\"added\": {}}]"
    }
  },
  {
    "model": "admin.logentry",
    "pk": 8,
    "fields": {
      "action_time": "2023-03-15T18:26:19.271Z",
      "user": 2,
      "content_type": 7,
      "object_id": "4",
      "object_repr": "Status: qqq",
      "action_flag": 3,
      "change_message": ""
    }
  },
  {
    "model": "auth.permission",
    "pk": 1,
    "fields": {
      "name": "Can add log entry",
      "content_type": 1,
      "codename": "add_logentry"
    }
  },
  {
    "model": "auth.permission",
    "pk": 2,
    "fields": {
      "name": "Can change log entry",
      "content_type": 1,
      "codename": "change_logentry"
    }
  },
  {
    "model": "auth.permission",
    "pk": 3,
    "fields": {
      "name": "Can delete log entry",
      "content_type": 1,
      "codename": "delete_logentry"
    }
  },
  {
    "model": "auth.permission",
    "pk": 4,
    "fields": {
      "name": "Can view log entry",
      "content_type": 1,
      "codename": "view_logentry"
    }
  },
  {
    "model": "auth.permission",
    "pk": 5,
    "fields": {
      "name": "Can add permission",
      "content_type": 2,
      "codename": "add_permission"
    }
  },
  {
    "model": "auth.permission",
    "pk": 6,
    "fields": {
      "name": "Can change permission",
      "content_type": 2,
      "codename": "change_permission"
    }
  },
  {
    "model": "auth.permission",
    "pk": 7,
    "fields": {
      "name": "Can delete permission",
      "content_type": 2,
      "codename": "delete_permission"
    }
  },
  {
    "model": "auth.permission",
    "pk": 8,
    "fields": {
      "name": "Can view permission",
      "content_type": 2,
      "codename": "view_permission"
    }
  },
  {
    "model": "auth.permission",
    "pk": 9,
    "fields": {
      "name": "Can add group",
      "content_type": 3,
      "codename": "add_group"
    }
  },
  {
    "model": "auth.permission",
    "pk": 10,
    "fields": {
      "name": "Can change group",
      "content_type": 3,
      "codename": "change_group"
    }
  },
  {
    "model": "auth.permission",
    "pk": 11,
    "fields": {
      "name": "Can delete group",
      "content_type": 3,
      "codename": "delete_group"
    }
  },
  {
    "model": "auth.permission",
    "pk": 12,
    "fields": {
      "name": "Can view group",
      "content_type": 3,
      "codename": "view_group"
    }
  },
  {
    "model": "auth.permission",
    "pk": 13,
    "fields": {
      "name": "Can add user",
      "content_type": 4,
      "codename": "add_user"
    }
  },
  {
    "model": "auth.permission",
    "pk": 14,
    "fields": {
      "name": "Can change user",
      "content_type": 4,
      "codename": "change_user"
    }
  },
  {
    "model": "auth.permission",
    "pk": 15,
    "fields": {
      "name": "Can delete user",
      "content_type": 4,
      "codename": "delete_user"
    }
  },
  {
    "model": "auth.permission",
    "pk": 16,
    "fields": {
      "name": "Can view user",
      "content_type": 4,
      "codename": "view_user"
    }
  },
  {
    "model": "auth.permission",
    "pk": 17,
    "fields": {
      "name": "Can add content type",
      "content_type": 5,
      "codename": "add_contenttype"
    }
  },
  {
    "model": "auth.permission",
    "pk": 18,
    "fields": {
      "name": "Can change content type",
      "content_type": 5,
      "codename": "change_contenttype"
    }
  },
  {
    "model": "auth.permission",
    "pk": 19,
    "fields": {
      "name": "Can delete content type",
      "content_type": 5,
      "codename": "delete_contenttype"
    }
  },
  {
    "model": "auth.permission",
    "pk": 20,
    "fields": {
      "name": "Can view content type",
      "content_type": 5,
      "codename": "view_contenttype"
    }
  },
  {
    "model": "auth.permission",
    "pk": 21,
    "fields": {
      "name": "Can add session",
      "content_type": 6,
      "codename": "add_session"
    }
  },
  {
    "model": "auth.permission",
    "pk": 22,
    "fields": {
      "name": "Can change session",
      "content_type": 6,
      "codename": "change_session"
    }
  },
  {
    "model": "auth.permission",
    "pk": 23,
    "fields": {
      "name": "Can delete session",
      "content_type": 6,
      "codename": "delete_session"
    }
  },
  {
    "model": "auth.permission",
    "pk": 24,
    "fields": {
      "name": "Can view session",
      "content_type": 6,
      "codename": "view_session"
    }
  },
  {
    "model": "auth.permission",
    "pk": 25,
    "fields": {
      "name": "Can add Task Status",
      "content_type": 7,
      "codename": "add_status"
    }
  },
  {
    "model": "auth.permission",
    "pk": 26,
    "fields": {
      "name": "Can change Task Status",
      "content_type": 7,
      "codename": "change_status"
    }
  },
  {
    "model": "auth.permission",
    "pk": 27,
    "fields": {
      "name": "Can delete Task Status",
      "content_type": 7,
      "codename": "delete_status"
    }
  },
  {
    "model": "auth.permission",
    "pk": 28,
    "fields": {
      "name": "Can view Task Status",
      "content_type": 7,
      "codename": "view_status"
    }
  },
  {
    "model": "auth.permission",
    "pk": 29,
    "fields": {
      "name": "Can add Task",
      "content_type": 8,
      "codename": "add_task"
    }
  },
  {
    "model": "auth.permission",
    "pk": 30,
    "fields": {
      "name": "Can change Task",
      "content_type": 8,
      "codename": "change_task"
    }
  },
  {
    "model": "auth.permission",
    "pk": 31,
    "fields": {
      "name": "Can delete Task",
      "content_type": 8,
      "codename": "delete_task"
    }
  },
  {
    "model": "auth.permission",
    "pk": 32,
    "fields": {
      "name": "Can view Task",
      "content_type": 8,
      "codename": "view_task"
    }
  },
  {
    "model": "auth.permission",
    "pk": 33,
    "fields": {
      "name": "Can add Label",
      "content_type": 9,
      "codename": "add_label"
    }
  },
  {
    "model": "auth.permission",
    "pk": 34,
    "fields": {
      "name": "Can change Label",
      "content_type": 9,
      "codename": "change_label"
    }
  },
  {
    "model": "auth.permission",
    "pk": 35,
    "fields": {
      "name": "Can delete Label",
      "content_type": 9,
      "codename": "delete_label"
    }
  },
  {
    "model": "auth.permission",
    "pk": 36,
    "fields": {
      "name": "Can view Label",
      "content_type": 9,
      "codename": "view_label"
    }
  },
  {
    "model": "auth.user",
    "pk": 2,
    "fields": {
      "password": "pbkdf2_sha256$390000$Z732TyTdZPGcVHLIApbeIG$21rFQq687fZpvN7sWXMO+dP8GE7dcfLqo/P21QX8FG4=",
      "last_login": "2023-03-15T17:27:50.881Z",
      "is_superuser": true,
      "username": "admin",
      "first_name": "",
      "last_name": "",
      "email": "admin@gmail.com",
      "is_staff": true,
      "is_active": true,
      "date_joined": "2023-03-10T13:00:50.229Z",
      "groups": [],
      "user_permissions": []
    }
  },
  {
    "model": "auth.user",
    "pk": 3,
    "fields": {
      "password": "pbkdf2_sha256$390000$MdV5mrsUGujCbYGhMQhYuV$Y3Dm7WubijghPoZZgLJo7GBBanYg7evpzqglI1JQtnA=",
      "last_login": null,
      "is_superuser": false,
      "username": "gungalla",
      "first_name": "",
      "last_name": "",
      "email": "",
      "is_staff": false,
      "is_active": true,
      "date_joined": "2023-03-13T13:19:46.185Z",
      "groups": [],
      "user_permissions": []
    }
  },
  {
    "model": "auth.user",
    "pk": 4,
    "fields": {
      "password": "pbkdf2_sha256$390000$sanKOHecSMP3oSpB7UfXar$yOgO2RaOpZwOfNZtsBX5JXI7k01BqljBP7wRLQyQz4U=",
      "last_login": null,
      "is_superuser": false,
      "username": "f",
      "first_name": "f",
      "last_name": "f",
      "email": "",
      "is_staff": false,
      "is_active": true,
      "date_joined": "2023-03-13T14:27:52.800Z",
      "groups": [],
      "user_permissions": []
    }
  },
  {
    "model": "auth.user",
    "pk": 5,
    "fields": {
      "password": "pbkdf2_sha256$390000$Yxj5OoNlnVwdHt98dPetwy$Zgfvict8G23m7c+P+C1R1YMm/2K0plpoWYu60Lk3lAs=",
      "last_login": null,
      "is_superuser": false,
      "username": "fa",
      "first_name": "f",
      "last_name": "f",
      "email": "",
      "is_staff": false,
      "is_active": true,
      "date_joined": "2023-03-13T14:28:56.294Z",
      "groups": [],
      "user_permissions": []
    }
  },
  {
    "model": "auth.user",
    "pk": 6,
    "fields": {
      "password": "pbkdf2_sha256$390000$nlQvGPFS29sAIXkZABCLm8$cb6yiAlBxUxIcwyGk0dihzbDn0tnbLfZxVOSFtbY7u0=",
      "last_login": null,
      "is_superuser": false,
      "username": "qwe",
      "first_name": "q",
      "last_name": "q",
      "email": "",
      "is_staff": false,
      "is_active": true,
      "date_joined": "2023-03-13T14:35:44.741Z",
      "groups": [],
      "user_permissions": []
    }
  },
  {
    "model": "auth.user",
    "pk": 7,
    "fields": {
      "password": "pbkdf2_sha256$390000$s3QoGcxTrXbXW5DZxUfhj6$0d8Zgg3PKJ9azhiazt5rH5J4Hov+g4EyDAz7OvQrHzs=",
      "last_login": null,
      "is_superuser": false,
      "username": "qwegun",
      "first_name": "Iaroslav",
      "last_name": "Kasatkin",
      "email": "",
      "is_staff": false,
      "is_active": true,
      "date_joined": "2023-03-13T14:43:03.261Z",
      "groups": [],
      "user_permissions": []
    }
  },
  {
    "model": "auth.user",
    "pk": 8,
    "fields": {
      "password": "pbkdf2_sha256$390000$NvwYZ9fSeB1OIzd4JgiaK9$6INgyy++VtHIVGwXBlxf2io9PRerF422oV8BxgCSoSs=",
      "last_login": "2023-03-13T20:28:13.296Z",
      "is_superuser": false,
      "username": "GunGalla",
      "first_name": "Iaroslav",
      "last_name": "Kasatkin",
      "email": "",
      "is_staff": false,
      "is_active": true,
      "date_joined": "2023-03-13T15:57:11.804Z",
      "groups": [],
      "user_permissions": []
    }
  },
  {
    "model": "auth.user",
    "pk": 9,
    "fields": {
      "password": "pbkdf2_sha256$390000$N7s58RrvCTPQ7hQnxdslGL$CoPuwbWhhDYDW04DKxfkWDWTE4ilnuqd4RWcoMt8Wjc=",
      "last_login": "2023-03-14T19:45:44.690Z",
      "is_superuser": false,
      "username": "qqqq",
      "first_name": "qqqqq",
      "last_name": "qqqq",
      "email": "",
      "is_staff": false,
      "is_active": true,
      "date_joined": "2023-03-14T19:18:44.352Z",
      "groups": [],
      "user_permissions": []
    }
  },
  {
    "model": "auth.user",
    "pk": 12,
    "fields": {
      "password": "pbkdf2_sha256$390000$jaYPmllV69H8MYeXd5uKZr$b6IeN0mIYrEp2Da0jQX8WaGt8uh4UP0/Xira1aVFGuA=",
      "last_login": "2023-03-17T17:23:25.783Z",
      "is_superuser": false,
      "username": "eee",
      "first_name": "eee",
      "last_name": "eee",
      "email": "",
      "is_staff": false,
      "is_active": true,
      "date_joined": "2023-03-15T09:50:12.108Z",
      "groups": [],
      "user_permissions": []
    }
  },
  {
    "model": "auth.user",
    "pk": 14,
    "fields": {
      "password": "pbkdf2_sha256$390000$leVy7PvLr4GKJRZV1S5Aqw$r576+jtR7np3eR/Fe8nuXYPbAK54/lSJH60dQAE3rP4=",
      "last_login": "2023-03-15T10:43:39.418Z",
      "is_superuser": false,
      "username": "www",
      "first_name": "www",
      "last_name": "wwwq",
      "email": "",
      "is_staff": false,
      "is_active": true,
      "date_joined": "2023-03-15T10:43:34.839Z",
      "groups": [],
      "user_permissions": []
    }
  },
  {
    "model": "auth.user",
    "pk": 15,
    "fields": {
      "password": "pbkdf2_sha256$390000$J8D15CYR0L8JMSVmCjDCH0$zpiZ3/kSKn324wkOYO+VBJXlVFQn4aOLfqhkfgAGrYY=",
      "last_login": "2023-03-15T19:38:32.626Z",
      "is_superuser": false,
      "username": "qqq",
      "first_name": "qqqq",
      "last_name": "qqq",
      "email": "",
      "is_staff": false,
      "is_active": true,
      "date_joined": "2023-03-15T14:01:03.820Z",
      "groups": [],
      "user_permissions": []
    }
  },
  {
    "model": "auth.user",
    "pk": 16,
    "fields": {
      "password": "pbkdf2_sha256$390000$Vy4rLUmpLj8OCEwHzghfyi$YLAr6uZV2qXO2QUz/AcYzPL7arpKEcWZFsGng9CrwZA=",
      "last_login": "2023-03-17T15:24:19.009Z",
      "is_superuser": false,
      "username": "rrr",
      "first_name": "rrr",
      "last_name": "rrr",
      "email": "",
      "is_staff": false,
      "is_active": true,
      "date_joined": "2023-03-15T14:01:53.476Z",
      "groups": [],
      "user_permissions": []
    }
  },
  {
    "model": "contenttypes.contenttype",
    "pk": 1,
    "fields": {
      "app_label": "admin",
      "model": "logentry"
    }
  },
  {
    "model": "contenttypes.contenttype",
    "pk": 2,
    "fields": {
      "app_label": "auth",
      "model": "permission"
    }
  },
  {
    "model": "contenttypes.contenttype",
    "pk": 3,
    "fields": {
      "app_label": "auth",
      "model": "group"
    }
  },
  {
    "model": "contenttypes.contenttype",
    "pk": 4,
    "fields": {
      "app_label": "auth",
      "model": "user"
    }
  },
  {
    "model": "contenttypes.contenttype",
    "pk": 5,
    "fields": {
      "app_label": "contenttypes",
      "model": "contenttype"
    }
  },
  {
    "model": "contenttypes.contenttype",
    "pk": 6,
    "fields": {
      "app_label": "sessions",
      "model": "session"
    }
  },
  {
    "model": "contenttypes.contenttype",
    "pk": 7,
    "fields": {
      "app_label": "statuses",
      "model": "status"
    }
  },
  {
    "model": "contenttypes.contenttype",
    "pk": 8,
    "fields": {
      "app_label": "tasks",
      "model": "task"
    }
  },
  {
    "model": "contenttypes.contenttype",
    "pk": 9,
    "fields": {
      "app_label": "labels",
      "model": "label"
    }
  },
  {
    "model": "sessions.session",
    "pk": "pbxcotwhbsrk4svhso7pb5t06ywgtzyl",
    "fields": {
      "session_data": ".eJxVjEEOwiAURO_C2hCg_AIu3fcMBD4fqRpISrsy3t026UKXM-_NvJkP21r81mnxc2JXJhW7_JYx4JPqQdIj1Hvj2Oq6zJEfCj9p51NL9Lqd7t9BCb3sayFx0ASD0qCjIGVBGiEyKSTrctI5J8AM1o17BCsdjBCMTGSsQiGQfb7txzeJ:1pdDnZ:nI3AQQs7HOvtyk4iHqctnANGey_ZEj3YoTrUtFjilVs",
      "expire_date": "2023-03-31T17:23:25.798Z"
    }
  },
  {
    "model": "statuses.status",
    "pk": 7,
    "fields": {
      "name": "йййGenby{eqkjпатрр",
      "creation_date": "2023-03-16T14:45:35.896Z"
    }
  },
  {
    "model": "statuses.status",
    "pk": 8,
    "fields": {
      "name": "ывапмриотл",
      "creation_date": "2023-03-16T11:28:21.979Z"
    }
  },
  {
    "model": "statuses.status",
    "pk": 9,
    "fields": {
      "name": "пиротлд",
      "creation_date": "2023-03-16T11:28:41.354Z"
    }
  },
  {
    "model": "statuses.status",
    "pk": 10,
    "fields": {
      "name": "апирдотлжьдбж",
      "creation_date": "2023-03-16T11:28:50.902Z"
    }
  },
  {
    "model": "statuses.status",
    "pk": 11,
    "fields": {
      "name": "авррв",
      "creation_date": "2023-03-16T11:29:11.886Z"
    }
  },
  {
    "model": "statuses.status",
    "pk": 12,
    "fields": {
      "name": "ммм",
      "creation_date": "2023-03-16T11:30:26.703Z"
    }
  },
  {
    "model": "statuses.status",
    "pk": 13,
    "fields": {
      "name": "иролд",
      "creation_date": "2023-03-16T11:30:44.704Z"
    }
  },
  {
    "model": "tasks.task",
    "pk": 2,
    "fields": {
      "author": 15,
      "name": "qwere",
      "description": "qwert",
      "status": 10,
      "user": null,
      "creation_date": "2023-03-16T14:33:50.582Z",
      "label": []
    }
  },
  {
    "model": "tasks.task",
    "pk": 3,
    "fields": {
      "author": 15,
      "name": ";lkjhgfds",
      "description": "",
      "status": 11,
      "user": null,
      "creation_date": "2023-03-16T15:22:13.722Z",
      "label": []
    }
  },
  {
    "model": "tasks.task",
    "pk": 4,
    "fields": {
      "author": 12,
      "name": "nhfnfd",
      "description": "",
      "status": 7,
      "user": null,
      "creation_date": "2023-03-16T15:33:11.583Z",
      "label": []
    }
  },
  {
    "model": "tasks.task",
    "pk": 5,
    "fields": {
      "author": 12,
      "name": "Hello, world!",
      "description": "There once was a ship",
      "status": 10,
      "user": 9,
      "creation_date": "2023-03-17T14:28:49.627Z",
      "label": [
        2
      ]
    }
  },
  {
    "model": "tasks.task",
    "pk": 6,
    "fields": {
      "author": 12,
      "name": "Hello, world!2",
      "description": "How do you do?",
      "status": 7,
      "user": 8,
      "creation_date": "2023-03-17T14:26:25.791Z",
      "label": [
        2,
        3,
        4
      ]
    }
  },
  {
    "model": "tasks.task",
    "pk": 7,
    "fields": {
      "author": 16,
      "name": "Hello, world!52",
      "description": "How to get away from here???",
      "status": 12,
      "user": 16,
      "creation_date": "2023-03-17T16:08:01.932Z",
      "label": [
        3
      ]
    }
  },
  {
    "model": "tasks.task",
    "pk": 8,
    "fields": {
      "author": 16,
      "name": "rrre",
      "description": "eee",
      "status": 8,
      "user": 15,
      "creation_date": "2023-03-17T16:08:18.737Z",
      "label": []
    }
  },
  {
    "model": "tasks.task",
    "pk": 9,
    "fields": {
      "author": 16,
      "name": "ewqeq",
      "description": "wewqewq",
      "status": 7,
      "user": 15,
      "creation_date": "2023-03-17T16:10:22.091Z",
      "label": []
    }
  },
  {
    "model": "tasks.task",
    "pk": 10,
    "fields": {
      "author": 16,
      "name": "dwa",
      "description": "wa",
      "status": 8,
      "user": 14,
      "creation_date": "2023-03-17T16:13:18.192Z",
      "label": [
        3
      ]
    }
  },
  {
    "model": "tasks.task",
    "pk": 11,
    "fields": {
      "author": 16,
      "name": "fdvfdfd",
      "description": "dwa",
      "status": 7,
      "user": 12,
      "creation_date": "2023-03-17T16:13:31.843Z",
      "label": []
    }
  },
  {
    "model": "tasks.task",
    "pk": 12,
    "fields": {
      "author": 16,
      "name": "dwadwadwa",
      "description": "adwadad",
      "status": 9,
      "user": 3,
      "creation_date": "2023-03-17T16:14:55.785Z",
      "label": [
        2
      ]
    }
  },
  {
    "model": "tasks.task",
    "pk": 13,
    "fields": {
      "author": 16,
      "name": "asdasdas",
      "description": "dwaddfsdf",
      "status": 10,
      "user": 4,
      "creation_date": "2023-03-17T16:17:28.966Z",
      "label": [
        2,
        3,
        4
      ]
    }
  },
  {
    "model": "tasks.task",
    "pk": 15,
    "fields": {
      "author": 16,
      "name": "ujmyhnfbgg",
      "description": "gsdtilu",
      "status": 9,
      "user": 14,
      "creation_date": "2023-03-17T16:31:24.638Z",
      "label": [
        2,
        3
      ]
    }
  },
  {
    "model": "tasks.task",
    "pk": 16,
    "fields": {
      "author": 16,
      "name": "dsad",
      "description": "dsadad",
      "status": 9,
      "user": 14,
      "creation_date": "2023-03-17T16:39:41.606Z",
      "label": [
        2,
        3,
        4
      ]
    }
  },
  {
    "model": "tasks.task",
    "pk": 18,
    "fields": {
      "author": 12,
      "name": "uuu",
      "description": "uuu",
      "status": 7,
      "user": 14,
      "creation_date": "2023-03-20T11:52:25.391Z",
      "label": [
        4
      ]
    }
  },
  {
    "model": "tasks.task",
    "pk": 19,
    "fields": {
      "author": 12,
      "name": "ttt",
      "description": "ttt",
      "status": 8,
      "user": 9,
      "creation_date": "2023-03-20T18:10:55.009Z",
      "label": [
        2,
        3,
        4
      ]
    }
  },
  {
    "model": "tasks.task",
    "pk": 20,
    "fields": {
      "author": 12,
      "name": "yyy",
      "description": "yyy",
      "status": 8,
      "user": null,
      "creation_date": "2023-03-20T18:17:55.170Z",
      "label": [
        3
      ]
    }
  },
  {
    "model": "tasks.task",
    "pk": 21,
    "fields": {
      "author": 12,
      "name": "frew",
      "description": "rgeg",
      "status": 7,
      "user": null,
      "creation_date": "2023-03-20T18:19:53.287Z",
      "label": [
        3
      ]
    }
  },
  {
    "model": "tasks.task",
    "pk": 22,
    "fields": {
      "author": 12,
      "name": "bgfrbgtr",
      "description": "",
      "status": 10,
      "user": null,
      "creation_date": "2023-03-20T18:20:56.530Z",
      "label": []
    }
  },
  {
    "model": "tasks.task",
    "pk": 23,
    "fields": {
      "author": 12,
      "name": "Test task",
      "description": "",
      "status": 8,
      "user": null,
      "creation_date": "2023-03-20T18:31:13.998Z",
      "label": []
    }
  },
  {
    "model": "labels.label",
    "pk": 2,
    "fields": {
      "name": "Новая метка2",
      "creation_date": "2023-03-17T13:00:14.733Z"
    }
  },
  {
    "model": "labels.label",
    "pk": 3,
    "fields": {
      "name": "New snippet",
      "creation_date": "2023-03-17T13:00:44.354Z"
    }
  },
  {
    "model": "labels.label",
    "pk": 4,
    "fields": {
      "name": "dsadsa",
      "creation_date": "2023-03-17T13:02:51.247Z"
    }
  },
  {
    "model": "labels.label",
    "pk": 6,
    "fields": {
      "name": "Новая Метка",
      "creation_date": "2023-03-20T17:26:03.669Z"
    }
  }
]